ean,title,brand,price,productUrl,imageUrl,category
8710000000001,"Oral-B Precision Clean opzetborstels, 2 stuks",Oral-B,12.99,https://www.bol.com/nl/p/opzetborstel-1/9000000000/,https://images.bol.com/sample/opzetborstel-1.jpg,Mondverzorging
8710000000002,"Oral-B Precision Clean opzetborstels, 4 stuks",Oral-B,22.99,https://www.bol.com/nl/p/opzetborstel-2/9000000001/,https://images.bol.com/sample/opzetborstel-2.jpg,Mondverzorging
8710000000003,"Oral-B Precision Clean opzetborstels, 8 stuks",Oral-B,39.99,https://www.bol.com/nl/p/opzetborstel-3/9000000002/,https://images.bol.com/sample/opzetborstel-3.jpg,Mondverzorging
8710000000004,"Oral-B CrossAction opzetborstels, 2 stuks",Oral-B,13.49,https://www.bol.com/nl/p/opzetborstel-4/9000000003/,https://images.bol.com/sample/opzetborstel-4.jpg,Mondverzorging
8710000000005,"Oral-B CrossAction opzetborstels, 4-pack",Oral-B,23.99,https://www.bol.com/nl/p/opzetborstel-5/9000000004/,https://images.bol.com/sample/opzetborstel-5.jpg,Mondverzorging
8710000000006,"Oral-B CrossAction opzetborstels, 8-pack",Oral-B,41.99,https://www.bol.com/nl/p/opzetborstel-6/9000000005/,https://images.bol.com/sample/opzetborstel-6.jpg,Mondverzorging
8710000000007,"Oral-B CrossAction opzetborstels, 4 + 4",Oral-B,40.49,https://www.bol.com/nl/p/opzetborstel-7/9000000006/,https://images.bol.com/sample/opzetborstel-7.jpg,Mondverzorging
8710000000008,"Oral-B Sensitive opzetborstels, 2 stuks",Oral-B,11.99,https://www.bol.com/nl/p/opzetborstel-8/9000000007/,https://images.bol.com/sample/opzetborstel-8.jpg,Mondverzorging
8710000000009,"Oral-B Sensitive opzetborstels, 4 opzetborstels",Oral-B,20.99,https://www.bol.com/nl/p/opzetborstel-9/9000000008/,https://images.bol.com/sample/opzetborstel-9.jpg,Mondverzorging
8710000000010,"Oral-B Sensitive opzetborstels, set van 6",Oral-B,29.99,https://www.bol.com/nl/p/opzetborstel-10/9000000009/,https://images.bol.com/sample/opzetborstel-10.jpg,Mondverzorging
8710000000011,"Oral-B iO opzetborstels, 2 stuks",Oral-B,24.99,https://www.bol.com/nl/p/opzetborstel-11/9000000010/,https://images.bol.com/sample/opzetborstel-11.jpg,Mondverzorging
8710000000012,"Oral-B iO opzetborstels, 4 stuks",Oral-B,44.99,https://www.bol.com/nl/p/opzetborstel-12/9000000011/,https://images.bol.com/sample/opzetborstel-12.jpg,Mondverzorging
8710000000013,"Oral-B 3D White opzetborstels, 2 stuks",Oral-B,13.99,https://www.bol.com/nl/p/opzetborstel-13/9000000012/,https://images.bol.com/sample/opzetborstel-13.jpg,Mondverzorging
8710000000014,"Oral-B 3D White opzetborstels, (x8)",Oral-B,42.99,https://www.bol.com/nl/p/opzetborstel-14/9000000013/,https://images.bol.com/sample/opzetborstel-14.jpg,Mondverzorging
8710000000015,"Philips Sonicare ProResults opzetborstels, 2 stuks",Philips Sonicare,14.99,https://www.bol.com/nl/p/opzetborstel-15/9000000014/,https://images.bol.com/sample/opzetborstel-15.jpg,Mondverzorging
8710000000016,"Philips Sonicare ProResults opzetborstels, 4 stuks",Philips Sonicare,26.99,https://www.bol.com/nl/p/opzetborstel-16/9000000015/,https://images.bol.com/sample/opzetborstel-16.jpg,Mondverzorging
8710000000017,"Philips Sonicare ProResults opzetborstels, 8 stuks",Philips Sonicare,47.99,https://www.bol.com/nl/p/opzetborstel-17/9000000016/,https://images.bol.com/sample/opzetborstel-17.jpg,Mondverzorging
8710000000018,"Philips Sonicare DiamondClean opzetborstels, 2 stuks",Philips Sonicare,19.99,https://www.bol.com/nl/p/opzetborstel-18/9000000017/,https://images.bol.com/sample/opzetborstel-18.jpg,Mondverzorging
8710000000019,"Philips Sonicare DiamondClean opzetborstels, 4-pack",Philips Sonicare,35.99,https://www.bol.com/nl/p/opzetborstel-19/9000000018/,https://images.bol.com/sample/opzetborstel-19.jpg,Mondverzorging
8710000000020,"Philips Sonicare C3 opzetborstels, 2 stuks",Philips Sonicare,16.99,https://www.bol.com/nl/p/opzetborstel-20/9000000019/,https://images.bol.com/sample/opzetborstel-20.jpg,Mondverzorging
8710000000021,"Philips Sonicare C3 opzetborstels, 4 opzetborstels",Philips Sonicare,29.99,https://www.bol.com/nl/p/opzetborstel-21/9000000020/,https://images.bol.com/sample/opzetborstel-21.jpg,Mondverzorging
8710000000022,"Philips Sonicare C2 opzetborstels, 2 stuks",Philips Sonicare,15.49,https://www.bol.com/nl/p/opzetborstel-22/9000000021/,https://images.bol.com/sample/opzetborstel-22.jpg,Mondverzorging
8710000000023,"Philips Sonicare C2 opzetborstels, set van 6",Philips Sonicare,39.99,https://www.bol.com/nl/p/opzetborstel-23/9000000022/,https://images.bol.com/sample/opzetborstel-23.jpg,Mondverzorging
8710000000024,"Philips Sonicare W2 opzetborstels, 2 stuks",Philips Sonicare,17.99,https://www.bol.com/nl/p/opzetborstel-24/9000000023/,https://images.bol.com/sample/opzetborstel-24.jpg,Mondverzorging
8710000000025,"Philips Sonicare G3 opzetborstels, 2 stuks",Philips Sonicare,18.49,https://www.bol.com/nl/p/opzetborstel-25/9000000024/,https://images.bol.com/sample/opzetborstel-25.jpg,Mondverzorging
8710000000026,"Jordan Clean Slim opzetborstels, 2 stuks",Jordan,7.99,https://www.bol.com/nl/p/opzetborstel-26/9000000025/,https://images.bol.com/sample/opzetborstel-26.jpg,Mondverzorging
8710000000027,"Jordan Clean Slim opzetborstels, 4 stuks",Jordan,13.99,https://www.bol.com/nl/p/opzetborstel-27/9000000026/,https://images.bol.com/sample/opzetborstel-27.jpg,Mondverzorging
8710000000028,"Jordan Target Sensitive opzetborstels, 2 stuks",Jordan,8.49,https://www.bol.com/nl/p/opzetborstel-28/9000000027/,https://images.bol.com/sample/opzetborstel-28.jpg,Mondverzorging
8710000000029,"Jordan Target Sensitive opzetborstels, 4 stuks",Jordan,14.99,https://www.bol.com/nl/p/opzetborstel-29/9000000028/,https://images.bol.com/sample/opzetborstel-29.jpg,Mondverzorging
8710000000030,"Jordan Green Clean opzetborstels, 2 stuks",Jordan,8.99,https://www.bol.com/nl/p/opzetborstel-30/9000000029/,https://images.bol.com/sample/opzetborstel-30.jpg,Mondverzorging
8710000000031,"Oral-B Precision Clean opzetborstels, set van 6",Oral-B,32.99,https://www.bol.com/nl/p/opzetborstel-31/9000000030/,https://images.bol.com/sample/opzetborstel-31.jpg,Mondverzorging
8710000000032,"Oral-B CrossAction opzetborstels, 2 + 2",Oral-B,24.49,https://www.bol.com/nl/p/opzetborstel-32/9000000031/,https://images.bol.com/sample/opzetborstel-32.jpg,Mondverzorging
8710000000033,"Oral-B Sensitive opzetborstels, 8-pack",Oral-B,38.99,https://www.bol.com/nl/p/opzetborstel-33/9000000032/,https://images.bol.com/sample/opzetborstel-33.jpg,Mondverzorging
8710000000034,"Oral-B iO opzetborstels, 8 stuks",Oral-B,79.99,https://www.bol.com/nl/p/opzetborstel-34/9000000033/,https://images.bol.com/sample/opzetborstel-34.jpg,Mondverzorging
8710000000035,"Oral-B 3D White opzetborstels, 4 stuks",Oral-B,24.99,https://www.bol.com/nl/p/opzetborstel-35/9000000034/,https://images.bol.com/sample/opzetborstel-35.jpg,Mondverzorging
8710000000036,"Oral-B 3D White opzetborstels, set van 6",Oral-B,33.99,https://www.bol.com/nl/p/opzetborstel-36/9000000035/,https://images.bol.com/sample/opzetborstel-36.jpg,Mondverzorging
8710000000037,"Philips Sonicare ProResults opzetborstels, set van 6",Philips Sonicare,36.99,https://www.bol.com/nl/p/opzetborstel-37/9000000036/,https://images.bol.com/sample/opzetborstel-37.jpg,Mondverzorging
8710000000038,"Philips Sonicare DiamondClean opzetborstels, 8 stuks",Philips Sonicare,67.99,https://www.bol.com/nl/p/opzetborstel-38/9000000037/,https://images.bol.com/sample/opzetborstel-38.jpg,Mondverzorging
8710000000039,"Philips Sonicare DiamondClean opzetborstels, (x8)",Philips Sonicare,68.49,https://www.bol.com/nl/p/opzetborstel-39/9000000038/,https://images.bol.com/sample/opzetborstel-39.jpg,Mondverzorging
8710000000040,"Philips Sonicare C3 opzetborstels, 8-pack",Philips Sonicare,54.99,https://www.bol.com/nl/p/opzetborstel-40/9000000039/,https://images.bol.com/sample/opzetborstel-40.jpg,Mondverzorging
8710000000041,"Philips Sonicare C2 opzetborstels, 4 stuks",Philips Sonicare,27.99,https://www.bol.com/nl/p/opzetborstel-41/9000000040/,https://images.bol.com/sample/opzetborstel-41.jpg,Mondverzorging
8710000000042,"Philips Sonicare W2 opzetborstels, 4 opzetborstels",Philips Sonicare,31.99,https://www.bol.com/nl/p/opzetborstel-42/9000000041/,https://images.bol.com/sample/opzetborstel-42.jpg,Mondverzorging
8710000000043,"Philips Sonicare G3 opzetborstels, 4-pack",Philips Sonicare,33.99,https://www.bol.com/nl/p/opzetborstel-43/9000000042/,https://images.bol.com/sample/opzetborstel-43.jpg,Mondverzorging
8710000000044,"Philips Sonicare InterCare opzetborstels, 2 stuks",Philips Sonicare,16.49,https://www.bol.com/nl/p/opzetborstel-44/9000000043/,https://images.bol.com/sample/opzetborstel-44.jpg,Mondverzorging
8710000000045,"Philips Sonicare InterCare opzetborstels, 4 stuks",Philips Sonicare,28.99,https://www.bol.com/nl/p/opzetborstel-45/9000000044/,https://images.bol.com/sample/opzetborstel-45.jpg,Mondverzorging
8710000000046,"Opzetborstels geschikt voor Oral-B, 8 stuks",Compatible,14.99,https://www.bol.com/nl/p/opzetborstel-46/9000000045/,https://images.bol.com/sample/opzetborstel-46.jpg,Mondverzorging
8710000000047,"Opzetborstels vervangende opzetborstels Oral-B CrossAction, 4-pack",Compatible,9.99,https://www.bol.com/nl/p/opzetborstel-47/9000000046/,https://images.bol.com/sample/opzetborstel-47.jpg,Mondverzorging
8710000000048,"Opzetborstels geschikt voor Sonicare, set van 6",Compatible,13.49,https://www.bol.com/nl/p/opzetborstel-48/9000000047/,https://images.bol.com/sample/opzetborstel-48.jpg,Mondverzorging
8710000000049,"Opzetborstels universeel compatible opzetborstels, 8 stuks",Compatible,12.99,https://www.bol.com/nl/p/opzetborstel-49/9000000048/,https://images.bol.com/sample/opzetborstel-49.jpg,Mondverzorging
8710000000050,Opzetborstels alternatief voor Oral-B Precision Clean (x8),Compatible,15.49,https://www.bol.com/nl/p/opzetborstel-50/9000000049/,https://images.bol.com/sample/opzetborstel-50.jpg,Mondverzorging
